{
    "version": "0.2",
    "dictionaries": [
        "html",
        "css",
        "javascript",
        "npm"
    ],
    "words": [
        "accesskey",
        "Accesskey",
        "activedescendants",
        "affordance",
        "Ahlefeldt",
        "alertdialog",
        "Anjou",
        "Aristov",
        "avacmd",
        "AXAPI",
        "Balusani",
        "Bellew",
        "Bijl",
        "Bocoup",
        "Bohrium",
        "Bookmarklet",
        "Bookmarklets",
        "Bosc",
        "Botr",
        "Bucketwheat",
        "camelcase",
        "Capitan",
        "Carron",
        "checkmark",
        "Chjat",
        "citystate",
        "Claremont",
        "Codepen",
        "codepenbutton",
        "colheader",
        "Colom",
        "combobox's",
        "comboboxes",
        "commenters",
        "contenteditable",
        "contentinfos",
        "Cook'n",
        "Copernicium",
        "Coughlin",
        "crossorigin",
        "cufc",
        "Cundiff",
        "Cutey's",
        "Dahamiwal",
        "Darmstadtium",
        "datepicker",
        "Davoust",
        "Defocus",
        "Deletable",
        "Deque",
        "DHTML",
        "dialog's",
        "Dimas",
        "discoverability",
        "Dmuddy",
        "docx",
        "dropup",
        "Dubnium",
        "Dušek",
        "EXPANDO",
        "Fairchild",
        "Fancytree",
        "Fentress",
        "Fezensac",
        "Flerovium",
        "Focusability",
        "focusable",
        "Foltz",
        "Fonseca",
        "Foyle",
        "Frahm",
        "funders",
        "Gaelle",
        "Garaventa",
        "geckodriver",
        "Geppy",
        "gridbox",
        "gridcells",
        "GUIs",
        "Gunderson",
        "Hassium",
        "Hausler",
        "Henriette",
        "highlighttext",
        "Higley",
        "Hillen",
        "hljs",
        "Hoyt",
        "IDREF",
        "IDREFS",
        "imgs",
        "Iskandar",
        "issie",
        "Jaeun",
        "jarosewli",
        "Jèrôme",
        "Jinyuan",
        "jumpto",
        "Kasper",
        "kbdshortcuts",
        "Kiærskou",
        "Kowno",
        "Labelable",
        "Lange",
        "Lauke",
        "Leventhal",
        "Lewandowski",
        "listbox's",
        "Listboxes",
        "listitems",
        "Livermorium",
        "Malo",
        "Manish",
        "Marek",
        "Meitnerium",
        "menubars",
        "Menubutton",
        "menubuttons",
        "menuitems",
        "Minard",
        "Minard's",
        "Mobilow",
        "Mojaisk",
        "Moloderno",
        "moreaccessible",
        "Moscovium",
        "MSAA",
        "Müller",
        "multithumb",
        "navs",
        "Nemeth",
        "nightmode",
        "Nihonium",
        "nodir",
        "norotate",
        "Nurthen",
        "NVDA",
        "Obel",
        "octokit",
        "Oganesson",
        "Okinawans",
        "onlosecapture",
        "Orscha",
        "outdent",
        "Paciello",
        "PAGEDOWN",
        "PAGEUP",
        "perceivability",
        "Philipp",
        "PIAS",
        "Pieters",
        "Polovnyov",
        "polyline",
        "Popout",
        "portlet",
        "Presentational",
        "Pseudocereal",
        "radiogroups",
        "rawgit",
        "Rearrangeable",
        "refreshable",
        "respec",
        "roadmap",
        "Roentgenium",
        "rowgroups",
        "rtrim",
        "Rudloff",
        "ruleset",
        "Sakura",
        "Sanaullah",
        "Scheuhammer",
        "Schonning",
        "Scrollable",
        "Seaborgium",
        "Seckel",
        "Ségur",
        "Shirisha",
        "shizzle",
        "Siboni",
        "Shopify",
        "Smorgeni",
        "Sofie",
        "sortability",
        "sourcecode",
        "Spinbuttons",
        "Starkrimson",
        "Studienska",
        "stylelint",
        "subfolders",
        "submenu",
        "submenu's",
        "submenus",
        "Sulaiman",
        "tabbable",
        "tablist",
        "tablist’s",
        "tablists",
        "tabpanels",
        "Tatiana",
        "Tennessine",
        "textarea's",
        "textfield",
        "Thaarup",
        "Theresia",
        "Thiel",
        "Thiers",
        "thomascorthals",
        "Tonekunstnerinde",
        "togglable",
        "transactinide",
        "transuranic",
        "Transuranium",
        "Treegrids",
        "treeitems",
        "Treeview",
        "Tryens",
        "uncheck",
        "Unchecking",
        "unchecks",
        "unimp",
        "unmanaged",
        "Vasily",
        "Vinkle",
        "virkelig",
        "vnurc",
        "Vyacheslav",
        "walkability",
        "WCAG",
        "widget's",
        "Wilna",
        "Wirma",
        "Witebsk",
        "xlink",
        "Yamanishi",
        "Zhou"
    ],
    "ignoreRegExpList": [
        "id=\"(?:[^\\\"]+|\\.)*\"",
        "src=\"(?:[^\\\"]+|\\.)*\"",
        "class=\"(?:[^\\\"]+|\\.)*\"",
        "data-test-id=\"(?:[^\\\"]+|\\.)*\"",
        "aria-activedescendant=\"(?:[^\\\"]+|\\.)*\"",
        "aria-controls=\"(?:[^\\\"]+|\\.)*\"",
        "aria-describedby=\"(?:[^\\\"]+|\\.)*\"",
        "aria-details=\"(?:[^\\\"]+|\\.)*\"",
        "aria-errormessage=\"(?:[^\\\"]+|\\.)*\"",
        "aria-flowto=\"(?:[^\\\"]+|\\.)*\"",
        "aria-labelledby=\"(?:[^\\\"]+|\\.)*\"",
        "aria-owns=\"(?:[^\\\"]+|\\.)*\"",
        "href=\"(?:[^\\\"]+|\\.)*\"",
        "for=\"(?:[^\\\"]+|\\.)*\"",
        "url\\(\"data\\:image/svg\\+xml.*\"\\)[,;]"
    ],
    "allowCompoundWords": false,
    "ignorePaths": [
        "cspell.json",
        "**/*.min.js",
        "**/*.pack.js",
        "**/*.paint",
        "aria-practices-DeletedSectionsArchive.html",
        "examples/css/github.css",
        "examples/js/skipto.js",
        "examples/landmarks/css/bootstrap.css",
        "examples/landmarks/css/bootstrap-theme.css",
        "examples/landmarks/js/visua11y.js",
        "common/**",
        "node_modules/**",
        "package*.json",
        "respec-config.js"
    ]
}
